,prediction,label
0,1,5
1,5,4
2,0,0
3,0,0
4,5,5
5,6,6
6,5,2
7,2,2
8,2,1
9,5,5
10,2,2
11,5,5
12,4,4
13,4,4
14,5,4
15,5,1
16,2,2
17,5,1
18,0,0
19,5,3
20,4,6
21,5,1
22,0,0
23,0,0
24,6,6
25,6,6
26,5,5
27,6,2
28,0,0
29,0,5
30,2,2
31,1,5
32,4,6
33,6,6
34,4,4
35,6,6
36,5,3
37,0,0
38,5,5
39,6,2
40,6,5
41,4,6
42,1,6
43,0,0
44,3,3
45,5,5
46,2,2
47,4,4
48,0,0
49,6,6
50,5,5
51,4,4
52,2,2
53,4,4
54,1,4
55,1,5
56,4,4
57,0,0
58,5,5
59,5,5
60,0,5
61,5,5
62,4,4
63,5,5
64,0,0
65,3,1
66,6,6
67,0,5
68,0,5
69,0,0
70,2,2
71,2,2
72,6,6
73,6,6
74,5,4
75,5,5
76,6,3
77,4,6
78,6,2
79,4,4
80,4,4
81,6,6
82,4,1
83,2,2
84,4,4
85,6,2
86,6,6
87,5,5
88,2,2
89,6,6
90,5,5
91,1,5
92,4,5
93,5,5
94,2,2
95,2,2
96,4,6
97,6,6
98,0,0
99,4,4
100,5,1
101,0,0
102,3,3
103,6,6
104,5,3
105,6,6
106,5,5
107,5,3
108,5,5
109,0,0
110,5,5
111,4,6
112,6,6
113,4,4
114,5,4
115,2,2
116,0,5
117,6,3
118,1,5
119,0,0
120,5,5
121,1,1
122,2,2
123,6,6
124,6,6
125,6,6
126,0,0
127,6,4
128,6,2
129,5,5
130,6,6
131,1,5
132,0,3
133,4,4
134,4,4
135,0,0
136,0,0
137,6,6
138,5,3
139,1,6
140,6,6
141,5,0
142,0,3
143,4,4
144,2,2
145,1,1
146,5,5
147,6,6
148,6,6
149,1,1
150,1,6
151,5,5
152,6,2
153,5,5
154,5,5
155,0,0
156,5,5
157,6,6
158,5,4
159,0,0
160,4,4
161,0,5
162,1,2
163,4,5
164,6,6
165,2,6
166,6,6
167,6,6
168,5,5
169,2,2
170,5,0
171,2,2
172,5,3
173,4,4
174,2,2
175,6,0
176,2,2
177,2,4
178,2,2
179,3,4
180,4,5
181,0,0
182,4,5
183,3,3
184,6,6
185,5,5
186,2,5
187,5,1
188,3,4
189,5,5
190,5,5
191,5,5
192,4,4
193,0,0
194,6,6
195,4,4
196,5,5
197,5,6
198,3,3
199,6,6
200,2,2
201,4,2
202,4,5
203,5,3
204,0,5
205,6,5
206,2,0
207,4,6
208,5,5
209,5,1
210,2,2
211,0,0
212,5,5
213,1,5
214,1,1
215,4,1
216,0,0
217,4,4
218,2,5
219,5,3
220,4,5
221,1,0
222,6,5
223,6,6
224,6,6
225,2,2
226,0,0
227,0,4
228,5,5
229,0,0
230,4,6
231,6,6
232,4,4
233,4,0
234,6,6
235,5,5
236,6,6
237,2,2
238,5,6
239,1,1
240,5,5
241,5,3
242,1,5
243,1,1
244,0,0
245,5,4
246,4,4
247,4,0
248,4,5
249,5,5
250,6,1
251,0,0
252,3,2
253,5,5
254,4,4
255,5,5
256,2,0
257,0,0
258,4,1
259,6,6
260,5,3
261,5,5
262,5,2
263,0,0
264,3,3
265,0,0
266,5,5
267,5,4
268,5,5
269,5,5
270,6,6
271,4,5
272,6,0
273,5,1
274,1,4
275,5,1
276,6,6
277,4,4
278,4,5
279,5,5
280,4,4
281,1,1
282,6,6
283,0,0
284,5,5
285,0,0
286,1,1
287,2,5
288,1,1
289,5,6
290,5,5
291,2,5
292,2,5
293,5,0
294,4,0
295,0,0
296,6,6
297,2,2
298,2,2
299,6,6
300,4,5
301,6,6
302,5,5
303,4,1
304,5,6
305,5,5
306,0,0
307,5,5
308,4,4
309,5,5
310,6,6
311,0,4
312,5,5
313,0,0
314,4,4
315,2,6
316,0,0
317,2,5
318,2,2
319,6,6
320,5,0
321,0,5
322,4,5
323,4,4
324,5,5
325,0,0
326,6,6
327,2,6
328,5,5
329,0,0
330,1,5
331,1,1
332,0,0
333,4,5
334,4,2
335,5,5
336,5,5
337,5,5
338,2,2
339,0,1
340,0,0
341,2,2
342,5,5
343,6,6
344,3,3
345,0,0
346,5,5
347,4,5
348,4,4
349,5,0
350,6,5
351,6,6
352,6,5
353,5,5
354,5,6
355,6,6
356,2,0
357,5,5
358,5,5
359,2,2
360,3,3
361,4,5
362,5,0
363,6,6
364,0,0
365,4,4
366,6,6
367,5,0
368,4,4
369,0,5
370,5,3
371,2,2
372,3,3
373,2,2
374,5,5
375,6,6
376,5,3
377,5,5
378,4,4
379,0,6
380,0,0
381,1,5
382,6,4
383,2,2
384,0,0
385,0,3
386,4,4
387,4,4
388,6,6
389,6,6
390,0,0
391,4,4
392,6,6
393,4,4
394,0,0
395,2,2
396,5,0
397,0,0
398,4,5
399,4,5
400,2,2
401,1,1
402,4,4
403,6,6
404,4,4
405,4,4
406,1,1
407,6,6
408,5,5
409,0,5
410,2,1
411,0,0
412,6,6
413,1,4
414,5,5
415,4,4
416,5,5
417,5,4
418,5,5
419,4,4
420,5,5
421,5,3
422,0,0
423,6,6
424,6,1
425,6,6
426,5,6
427,5,5
428,2,2
429,4,5
430,5,5
431,6,6
432,0,0
433,6,6
434,0,0
435,5,4
436,5,4
437,6,6
438,1,1
439,0,0
440,0,0
441,5,5
442,5,5
443,0,3
444,0,0
445,6,2
446,6,2
447,5,1
448,5,4
449,6,6
450,2,2
451,5,5
452,0,0
453,6,6
454,5,4
455,6,5
456,6,6
457,4,5
458,6,6
459,6,6
460,3,1
461,5,5
462,0,0
463,5,5
464,1,1
465,5,5
466,0,0
467,0,0
468,5,5
469,6,6
470,5,5
471,6,6
472,6,6
473,5,5
474,4,5
475,0,0
476,4,4
477,3,5
478,6,6
479,4,0
480,5,0
481,1,1
482,4,4
483,0,0
484,5,5
485,5,1
486,3,3
487,1,5
488,0,0
489,4,2
490,5,4
491,1,1
492,1,3
493,0,0
494,0,0
495,2,1
496,5,4
497,1,5
498,5,5
499,1,1
500,0,5
501,5,4
502,5,5
503,5,5
504,5,5
505,5,1
506,5,5
507,0,0
508,6,6
509,6,5
510,4,4
511,0,0
512,4,4
513,1,1
514,6,6
515,5,1
516,0,0
517,0,5
518,1,1
519,6,6
520,4,4
521,5,5
522,2,2
523,4,4
524,6,6
525,2,2
526,6,6
527,5,5
528,4,4
529,4,4
530,5,5
531,0,0
532,6,6
533,4,4
534,5,5
535,0,0
536,0,0
537,5,5
538,5,6
539,5,3
540,0,0
541,0,0
542,1,1
543,4,5
544,5,5
545,2,2
546,4,4
547,5,5
548,2,2
549,5,0
550,0,0
551,1,1
552,6,6
553,1,1
554,5,5
555,5,1
556,0,0
557,2,2
558,5,2
559,4,4
560,4,4
561,6,6
562,5,5
563,6,6
564,4,4
565,5,5
566,3,5
567,6,5
568,6,6
569,0,0
570,3,5
571,2,2
572,5,1
573,5,6
574,0,0
575,2,2
576,6,6
577,6,6
578,4,5
579,5,5
580,4,4
581,5,5
582,5,5
583,4,5
584,5,5
585,5,5
586,4,2
587,1,5
588,0,5
589,5,5
590,5,4
591,4,5
592,6,4
593,0,0
594,0,0
595,5,5
596,4,3
597,6,6
598,4,4
599,4,4
600,4,5
601,4,0
602,0,1
603,5,5
604,0,0
605,5,5
606,6,6
607,2,2
608,4,4
609,5,5
610,6,6
611,4,4
612,0,0
613,0,0
614,6,6
615,1,1
616,0,3
617,1,5
618,0,4
619,6,6
620,2,2
621,4,4
622,0,0
623,5,0
624,4,4
625,4,5
626,5,0
627,6,6
628,5,5
629,4,5
630,1,1
631,6,6
632,5,5
633,5,5
634,6,6
635,5,5
636,4,4
637,6,6
638,4,0
639,3,3
640,6,6
641,2,2
642,0,0
643,0,0
644,2,3
645,6,6
646,5,5
647,4,5
648,1,1
649,1,5
650,1,1
651,3,5
652,4,4
653,5,4
654,0,0
655,6,5
656,1,1
657,1,5
658,0,0
659,5,5
660,5,4
661,4,6
662,5,5
663,6,6
664,2,2
665,4,5
666,5,5
667,2,3
668,2,5
669,3,5
670,6,6
671,4,4
672,0,0
673,2,2
674,4,4
675,2,2
676,6,0
677,2,2
678,5,5
679,5,5
680,5,5
681,0,0
682,1,1
683,0,0
684,1,1
685,5,4
686,4,4
687,5,5
688,2,2
689,5,0
690,5,6
691,4,4
692,5,6
693,0,3
694,5,0
695,6,6
696,5,4
697,4,3
698,0,0
699,4,4
700,1,1
701,5,6
702,6,6
703,4,4
704,4,1
705,0,0
706,4,4
707,1,1
708,2,6
709,0,5
710,6,6
711,4,1
712,0,0
713,5,5
714,5,1
715,5,4
716,5,5
717,6,6
718,0,0
719,6,0
720,2,2
721,5,5
722,5,3
723,6,5
724,0,0
725,0,0
726,5,5
727,2,2
728,5,0
729,0,0
730,4,5
731,3,3
732,4,3
733,3,5
734,5,1
735,4,4
736,1,1
737,6,5
738,5,3
739,5,5
740,5,6
741,6,5
742,5,6
743,5,6
744,5,5
745,5,5
746,5,0
747,2,2
748,2,6
749,0,0
750,5,5
751,4,5
752,5,5
753,1,1
754,5,3
755,5,5
756,2,6
757,6,6
758,5,5
759,6,3
760,4,5
761,6,6
762,6,6
763,4,2
764,0,0
765,4,4
766,6,6
767,0,0
768,0,0
769,0,0
770,0,0
771,4,4
772,6,6
773,0,0
774,5,4
775,4,4
776,5,5
777,5,5
778,5,6
779,0,0
780,5,5
781,4,4
782,6,6
783,6,6
784,5,5
785,0,0
786,6,6
787,4,4
788,5,5
789,6,6
790,5,5
791,4,1
792,0,0
793,4,4
794,5,5
795,2,2
796,2,2
797,6,0
798,5,5
799,0,0
800,6,2
801,4,4
802,4,4
803,5,1
804,0,0
805,6,6
806,5,5
807,1,1
808,2,2
809,4,2
810,2,2
811,3,3
812,4,5
813,0,0
814,2,6
815,6,5
816,5,4
817,4,4
818,2,2
819,4,4
820,5,5
821,0,0
822,5,4
823,4,6
824,6,6
825,4,4
826,4,4
827,0,0
828,0,0
829,0,0
830,4,4
831,2,2
832,5,5
833,5,5
834,0,0
835,2,5
836,2,2
837,5,5
838,2,2
839,0,0
840,2,2
841,2,2
842,5,2
843,0,0
844,0,1
845,5,4
846,5,5
847,6,6
848,3,5
849,4,4
850,2,2
851,5,4
852,5,5
853,1,5
854,4,4
855,3,3
856,5,5
857,6,6
858,6,6
859,5,5
860,6,6
861,4,5
862,5,5
863,4,4
864,5,5
865,5,5
866,4,4
867,2,0
868,1,1
869,5,3
870,4,5
871,2,2
872,0,0
873,6,6
874,3,5
875,4,4
876,0,0
877,0,0
878,4,1
879,6,6
880,6,6
881,5,5
882,4,4
883,5,0
884,6,6
885,0,0
886,5,5
887,5,5
888,6,6
889,5,5
890,1,1
891,0,0
892,1,1
893,3,3
894,5,5
895,4,4
896,6,5
897,5,3
898,0,0
899,0,0
900,6,5
901,2,2
902,6,5
903,6,5
904,5,1
905,6,5
906,0,0
907,4,4
908,5,5
909,0,0
910,5,5
911,0,0
912,4,4
913,0,0
914,0,0
915,6,6
916,4,5
917,0,0
918,5,5
919,5,5
920,6,5
921,2,0
922,1,1
923,2,2
924,0,0
925,5,5
926,4,6
927,1,1
928,6,5
929,0,0
930,5,5
931,5,5
932,0,0
933,4,4
934,4,4
935,0,0
936,0,0
937,2,2
938,4,3
939,6,6
940,2,6
941,0,0
942,4,4
943,0,0
944,0,0
945,4,4
946,6,6
947,5,5
948,5,3
949,0,0
950,0,0
951,5,5
952,5,5
953,6,6
954,5,5
955,1,1
956,4,5
957,4,4
958,4,5
959,0,2
960,4,4
961,5,5
962,5,5
963,5,4
964,6,6
965,6,6
966,2,2
967,6,5
968,5,5
969,2,1
970,6,6
971,0,0
972,4,4
973,4,4
974,6,6
975,1,1
976,3,3
977,5,5
978,4,4
979,0,0
980,5,5
981,1,1
982,2,2
983,5,5
984,2,2
985,4,4
986,5,5
987,6,6
988,3,3
989,4,4
990,6,6
991,4,4
992,2,6
993,6,6
994,6,6
995,0,0
996,5,5
997,5,6
998,4,5
999,2,2
1000,6,6
1001,4,4
1002,2,2
1003,6,6
1004,0,0
1005,2,2
1006,4,6
1007,4,4
1008,1,3
1009,4,4
1010,4,5
1011,5,5
1012,5,5
1013,5,1
1014,5,5
1015,4,4
1016,5,5
1017,0,6
1018,4,6
1019,6,6
1020,5,5
1021,0,0
1022,5,5
1023,5,5
1024,6,6
1025,6,6
1026,5,5
1027,5,5
1028,0,0
1029,0,0
1030,2,3
1031,0,0
1032,5,5
1033,0,0
1034,4,4
1035,0,0
1036,4,4
1037,6,6
1038,6,6
1039,6,6
1040,5,0
1041,5,5
1042,6,6
1043,1,1
1044,3,3
1045,0,4
1046,2,2
1047,4,5
1048,6,4
1049,0,0
1050,6,5
1051,0,0
1052,0,1
1053,5,5
1054,6,6
1055,1,1
1056,4,2
1057,6,1
1058,5,5
1059,5,4
1060,5,5
1061,4,5
1062,5,5
1063,4,5
1064,0,0
1065,3,3
1066,0,0
1067,1,1
1068,6,6
1069,0,0
1070,5,5
1071,6,6
1072,3,3
1073,5,1
1074,5,5
1075,6,6
1076,5,5
1077,0,0
1078,4,4
1079,4,4
1080,6,6
1081,6,0
1082,6,0
1083,3,3
1084,6,6
1085,5,6
1086,0,5
1087,5,5
1088,5,5
1089,6,6
1090,5,3
1091,2,2
1092,4,5
1093,4,6
1094,5,5
1095,1,1
1096,5,0
1097,4,4
1098,5,5
1099,5,5
1100,1,0
1101,5,1
1102,6,0
1103,5,5
1104,5,5
1105,5,1
1106,2,2
1107,5,5
1108,5,5
1109,4,5
1110,5,3
1111,5,1
1112,4,6
1113,2,2
1114,0,5
1115,6,6
1116,0,0
1117,6,0
1118,0,0
1119,0,5
1120,0,2
1121,6,6
1122,4,4
1123,0,0
1124,5,3
1125,6,4
1126,6,6
1127,0,0
1128,6,6
1129,5,5
1130,4,4
1131,5,0
1132,1,1
1133,6,6
1134,4,4
1135,5,5
1136,2,2
1137,5,5
1138,0,4
1139,6,6
1140,6,6
1141,5,5
1142,1,1
1143,1,1
1144,4,6
1145,6,6
1146,6,6
1147,0,0
1148,6,6
1149,4,0
1150,3,3
1151,0,4
1152,6,0
1153,0,5
1154,5,5
1155,4,4
1156,6,6
1157,5,5
1158,5,0
1159,4,4
1160,6,5
1161,0,0
1162,5,5
1163,6,6
1164,6,5
1165,5,1
1166,5,5
1167,6,6
1168,6,6
1169,0,0
1170,0,0
1171,0,3
1172,5,5
1173,5,5
1174,5,4
1175,2,3
1176,5,2
1177,1,1
1178,6,6
1179,4,5
1180,0,5
1181,6,6
1182,1,4
1183,5,3
1184,5,5
1185,0,0
1186,4,4
1187,5,4
1188,5,5
1189,2,2
1190,4,5
1191,5,5
1192,5,5
1193,0,0
1194,6,6
1195,6,5
1196,1,5
1197,4,4
1198,1,1
1199,6,6
1200,6,5
1201,5,3
1202,6,6
1203,5,5
1204,5,6
1205,0,0
1206,4,4
1207,2,2
1208,4,4
1209,5,1
1210,4,4
1211,6,0
1212,5,6
1213,3,5
1214,4,4
1215,5,4
1216,1,4
1217,5,5
1218,4,5
1219,4,5
1220,5,5
1221,4,5
1222,1,1
1223,4,0
1224,5,5
1225,2,1
1226,2,5
1227,6,6
1228,6,3
1229,4,4
1230,4,4
1231,6,6
1232,6,6
1233,4,4
1234,4,4
1235,5,5
1236,6,6
1237,4,5
1238,3,3
1239,2,2
1240,0,0
1241,0,0
1242,4,4
1243,2,2
1244,5,2
1245,1,1
1246,3,3
1247,2,2
1248,3,3
1249,1,5
1250,5,5
1251,5,6
1252,1,3
1253,0,0
1254,4,4
1255,4,4
1256,4,4
1257,2,2
1258,6,6
1259,1,1
1260,3,3
1261,5,5
1262,2,2
1263,1,1
1264,0,3
1265,4,4
1266,1,3
1267,3,5
1268,4,0
1269,0,5
1270,4,5
1271,6,5
1272,0,0
1273,6,6
1274,0,0
1275,0,0
1276,4,4
1277,6,3
1278,4,4
1279,0,0
1280,5,4
1281,6,6
1282,4,5
1283,2,2
1284,4,4
1285,5,5
1286,1,1
1287,4,4
1288,5,5
1289,4,4
1290,5,5
1291,3,5
1292,2,2
1293,5,5
1294,5,1
1295,5,5
1296,3,3
1297,5,5
1298,6,6
1299,0,0
1300,6,6
1301,0,0
1302,6,6
1303,6,4
1304,5,5
1305,5,4
1306,6,2
1307,6,6
1308,0,0
1309,0,5
1310,4,4
1311,4,4
1312,6,5
1313,5,4
1314,1,5
1315,4,5
1316,4,4
1317,4,4
1318,5,5
1319,0,0
1320,2,2
1321,4,4
1322,0,0
1323,4,6
1324,5,6
1325,5,1
1326,6,6
1327,4,4
1328,2,5
1329,4,1
1330,4,4
1331,5,6
1332,4,4
1333,6,6
1334,0,0
1335,5,6
1336,4,5
1337,0,0
1338,6,6
1339,2,5
1340,5,4
1341,1,5
1342,5,3
1343,6,6
1344,2,2
1345,0,5
1346,6,6
1347,5,5
1348,0,0
1349,0,0
1350,2,2
1351,4,4
1352,4,1
1353,4,0
1354,1,5
1355,6,3
1356,5,5
1357,6,5
1358,5,1
1359,4,4
1360,5,5
1361,6,6
1362,3,5
1363,5,0
1364,5,5
1365,5,3
1366,0,0
1367,0,5
1368,5,5
1369,2,2
1370,4,4
1371,6,6
1372,0,0
1373,4,5
1374,6,4
1375,6,6
1376,6,6
1377,4,4
1378,0,0
1379,5,6
1380,1,1
1381,1,1
1382,5,5
1383,5,5
1384,3,0
1385,6,6
1386,1,2
1387,5,3
1388,1,6
1389,5,2
1390,6,6
1391,6,4
1392,5,4
1393,1,1
1394,2,2
1395,0,0
1396,0,4
1397,2,4
1398,6,6
1399,4,4
1400,6,6
1401,5,2
1402,5,5
1403,5,6
1404,0,0
1405,4,4
1406,4,6
1407,5,3
1408,4,4
1409,6,6
1410,4,2
1411,2,2
1412,5,3
1413,4,4
1414,6,0
1415,0,0
1416,5,5
1417,0,4
1418,5,0
1419,0,0
1420,6,6
1421,5,5
1422,4,4
1423,6,6
1424,5,5
1425,6,6
1426,5,5
1427,0,0
1428,5,6
1429,3,5
1430,0,0
1431,4,4
1432,6,6
1433,0,2
1434,0,0
1435,5,5
1436,5,5
1437,4,4
1438,6,5
1439,5,4
1440,6,5
1441,5,3
1442,5,4
1443,4,4
1444,5,5
1445,4,4
1446,1,5
1447,5,4
1448,5,5
1449,5,5
1450,5,5
1451,0,0
1452,4,2
1453,5,5
1454,5,6
1455,4,4
1456,4,4
1457,5,5
1458,5,5
1459,0,0
1460,0,0
1461,4,4
1462,5,5
1463,5,5
1464,5,5
1465,5,5
1466,5,0
1467,1,1
1468,4,6
1469,1,1
1470,6,6
1471,0,0
1472,4,6
1473,5,1
1474,2,2
1475,0,0
1476,1,1
1477,4,6
1478,4,4
1479,6,6
1480,4,4
1481,0,0
1482,6,5
1483,4,3
1484,2,2
1485,6,4
1486,2,2
1487,1,5
1488,3,3
1489,2,2
1490,6,6
1491,6,2
1492,2,2
1493,6,6
1494,5,5
1495,4,6
1496,4,4
1497,5,5
1498,1,3
1499,2,2
1500,5,5
1501,5,4
1502,0,0
1503,3,3
1504,0,5
1505,5,0
1506,4,4
1507,4,6
1508,5,5
1509,1,1
1510,4,4
1511,0,0
1512,4,4
1513,5,3
1514,5,4
1515,2,1
1516,2,0
1517,2,2
1518,3,3
1519,4,5
1520,2,2
1521,2,2
1522,6,6
1523,6,3
1524,3,5
1525,1,1
1526,1,4
1527,5,5
1528,5,5
1529,5,4
1530,4,4
1531,0,0
1532,4,6
1533,0,0
1534,4,4
1535,4,4
1536,4,4
1537,5,5
1538,5,5
1539,5,5
1540,5,5
1541,0,0
1542,5,5
1543,0,0
1544,4,4
1545,6,6
1546,5,5
1547,4,4
1548,0,0
1549,0,0
1550,0,0
1551,6,6
1552,6,6
1553,5,5
1554,6,5
1555,1,1
1556,5,4
1557,5,1
1558,2,5
1559,6,6
1560,4,4
1561,5,5
1562,4,5
1563,6,6
1564,2,2
1565,3,1
1566,5,1
1567,0,4
1568,4,4
1569,1,5
1570,4,4
1571,2,2
1572,4,4
1573,0,0
1574,4,6
1575,6,6
1576,6,6
1577,3,3
1578,6,6
1579,3,3
1580,4,4
1581,0,0
1582,2,2
1583,6,0
1584,6,6
1585,5,5
1586,4,6
1587,1,1
1588,4,4
1589,4,5
1590,3,3
1591,0,0
1592,3,3
1593,4,4
1594,4,4
1595,0,5
1596,4,4
1597,5,5
1598,4,4
1599,2,2
1600,6,6
1601,0,0
1602,5,5
1603,0,0
1604,1,5
1605,4,4
1606,5,5
1607,5,5
1608,4,4
1609,6,5
1610,2,0
1611,6,6
1612,5,5
1613,5,6
1614,5,5
1615,5,1
1616,4,5
1617,6,4
1618,4,4
1619,0,0
1620,5,5
1621,6,6
1622,4,4
1623,5,6
1624,4,4
1625,6,6
1626,1,1
1627,4,3
1628,5,5
1629,6,6
1630,5,5
1631,5,5
1632,4,4
1633,5,5
1634,6,5
1635,5,5
1636,1,1
1637,6,6
1638,5,3
1639,4,4
1640,5,5
1641,4,4
1642,0,0
1643,0,0
1644,5,5
1645,5,2
1646,5,5
1647,5,5
1648,5,1
1649,2,2
1650,0,0
1651,0,3
1652,6,6
1653,5,5
1654,4,4
1655,2,6
1656,0,0
1657,6,6
1658,5,0
1659,1,1
1660,6,0
1661,5,1
1662,5,5
1663,5,3
1664,4,0
1665,5,5
1666,0,0
1667,4,4
1668,6,6
1669,5,5
1670,5,5
1671,3,3
1672,5,5
1673,3,3
1674,5,5
1675,5,5
1676,5,1
1677,4,4
1678,5,5
1679,6,6
1680,1,1
1681,5,4
1682,0,3
1683,5,4
1684,5,4
1685,6,6
1686,0,3
1687,0,0
1688,6,6
1689,6,6
1690,1,1
1691,5,4
1692,4,4
1693,5,5
1694,6,6
1695,5,3
1696,6,6
1697,6,5
1698,6,6
1699,5,5
1700,0,0
1701,4,5
1702,6,6
1703,5,5
1704,0,0
1705,5,4
1706,0,0
1707,6,6
1708,6,6
1709,2,3
1710,4,4
1711,5,2
1712,6,6
1713,0,0
1714,6,6
1715,1,1
1716,2,1
1717,0,0
1718,1,5
1719,1,1
1720,4,5
1721,1,2
1722,6,0
1723,6,6
1724,4,4
1725,6,4
1726,4,4
1727,5,1
1728,5,5
1729,4,2
1730,6,6
1731,1,1
1732,2,2
1733,4,4
1734,6,6
1735,4,4
1736,4,4
1737,5,5
1738,4,6
1739,5,5
1740,5,1
1741,6,6
1742,5,5
1743,1,1
1744,6,6
1745,3,5
1746,4,4
1747,1,1
1748,0,0
1749,6,6
1750,0,0
1751,0,2
1752,2,1
1753,1,5
1754,1,1
1755,0,5
1756,4,5
1757,3,3
1758,4,4
1759,2,2
1760,6,5
1761,0,0
1762,5,4
1763,6,6
1764,0,0
1765,3,3
1766,5,5
1767,6,6
1768,5,0
1769,0,0
1770,1,6
1771,6,6
1772,1,1
1773,5,5
1774,4,4
1775,4,2
1776,0,0
1777,6,6
1778,6,6
1779,5,5
1780,5,3
1781,6,6
1782,5,5
1783,6,6
1784,6,6
1785,2,1
1786,6,6
1787,4,5
1788,4,4
1789,4,4
1790,4,4
1791,4,4
1792,5,4
1793,4,4
1794,1,1
1795,5,5
1796,4,5
1797,5,6
1798,2,4
1799,0,0
1800,6,4
1801,1,1
1802,6,6
1803,5,1
1804,4,5
1805,6,4
1806,6,6
1807,5,0
1808,5,5
1809,4,4
1810,4,5
1811,5,5
1812,4,4
1813,5,6
1814,1,5
1815,4,4
1816,5,3
1817,0,0
1818,0,5
1819,6,6
1820,0,0
1821,0,0
1822,4,2
1823,4,4
1824,5,4
1825,1,1
1826,0,0
1827,1,1
1828,1,1
1829,3,5
1830,4,4
1831,0,0
1832,2,2
1833,0,5
1834,2,2
1835,2,2
1836,0,0
1837,1,4
1838,5,3
1839,5,5
1840,2,2
1841,5,5
1842,5,6
1843,4,3
1844,1,1
1845,4,5
1846,4,3
1847,0,0
1848,6,6
1849,1,5
1850,5,5
1851,2,2
1852,4,4
1853,2,2
1854,4,2
1855,5,5
1856,4,4
1857,6,2
1858,5,1
1859,4,4
1860,4,4
1861,0,0
1862,2,2
1863,5,6
1864,4,0
1865,5,5
1866,4,4
1867,5,0
1868,6,2
1869,3,5
1870,6,1
1871,4,4
1872,6,6
1873,4,4
1874,5,6
1875,5,5
1876,5,5
1877,4,4
1878,5,5
1879,4,5
1880,1,1
1881,6,6
1882,5,5
1883,0,0
1884,6,0
1885,4,5
1886,3,2
1887,5,5
1888,5,4
1889,3,2
1890,4,4
1891,0,0
1892,5,5
1893,2,6
1894,5,5
1895,4,3
1896,0,0
1897,0,0
1898,5,4
1899,4,4
1900,5,5
1901,4,1
1902,0,0
1903,6,6
1904,4,3
1905,1,5
1906,5,5
1907,6,4
1908,0,0
1909,4,5
1910,5,0
1911,4,4
1912,0,0
1913,4,5
1914,0,0
1915,1,5
1916,1,1
1917,4,4
1918,2,2
1919,0,0
1920,0,0
1921,0,0
1922,4,4
1923,6,5
1924,2,0
1925,5,5
1926,6,2
1927,5,5
1928,2,2
1929,5,5
1930,5,4
1931,5,0
1932,0,0
1933,4,4
1934,1,3
1935,6,6
1936,3,3
1937,3,3
1938,6,6
1939,4,4
1940,4,4
1941,5,5
1942,4,5
1943,4,6
1944,1,1
1945,6,6
1946,5,2
1947,4,4
1948,1,5
1949,4,5
1950,0,0
1951,4,4
1952,2,5
1953,4,2
1954,6,6
1955,5,5
1956,1,1
1957,6,6
1958,5,5
1959,1,1
1960,1,1
1961,2,2
1962,4,4
1963,5,5
1964,4,6
1965,4,4
1966,3,2
1967,6,6
1968,2,2
1969,6,6
1970,1,1
1971,6,6
1972,6,5
1973,0,5
1974,5,5
1975,5,1
1976,1,1
1977,1,1
1978,5,4
1979,5,5
1980,4,5
1981,5,4
1982,2,2
1983,0,5
1984,6,5
1985,1,1
1986,6,3
1987,0,0
1988,1,0
1989,6,3
1990,2,2
1991,6,6
1992,0,0
1993,5,4
1994,0,0
1995,4,6
1996,5,5
1997,2,2
1998,0,0
1999,2,2
2000,2,2
2001,2,0
2002,5,3
2003,4,3
2004,0,0
2005,5,5
2006,1,1
2007,5,5
2008,0,0
2009,5,5
2010,0,0
2011,5,0
2012,6,6
2013,6,6
2014,4,5
2015,4,4
2016,2,2
2017,2,2
2018,0,3
2019,0,6
2020,5,5
2021,1,1
2022,5,3
2023,4,4
2024,0,0
2025,5,5
2026,5,5
2027,2,2
2028,4,5
2029,6,5
2030,4,4
2031,5,5
2032,0,0
2033,0,0
2034,5,5
2035,5,1
2036,5,5
2037,6,0
2038,5,2
2039,5,5
2040,4,6
2041,5,3
2042,6,6
2043,6,5
2044,6,6
2045,4,4
2046,4,4
2047,1,4
2048,4,4
2049,2,2
2050,0,6
2051,1,1
2052,5,5
2053,6,6
2054,1,0
2055,5,4
2056,4,4
2057,1,1
2058,4,4
2059,0,0
2060,5,1
2061,2,2
2062,6,6
2063,5,5
2064,2,6
2065,1,1
2066,6,6
2067,0,0
2068,3,5
2069,5,5
2070,3,3
2071,4,4
2072,2,2
2073,2,2
2074,4,5
2075,0,5
2076,0,0
2077,4,4
2078,4,4
2079,4,4
2080,5,5
2081,3,3
2082,6,6
2083,0,0
2084,0,0
2085,6,6
2086,5,0
2087,4,4
2088,4,4
2089,4,4
2090,5,5
2091,5,5
2092,1,5
2093,5,5
2094,5,4
2095,5,5
2096,5,5
2097,4,5
2098,0,0
2099,4,4
2100,2,5
2101,5,4
2102,5,5
2103,2,2
2104,5,4
2105,5,5
2106,5,4
2107,4,6
2108,5,6
2109,4,4
2110,0,0
2111,5,4
2112,5,5
2113,4,4
2114,6,6
2115,5,5
2116,5,1
2117,5,5
2118,5,5
2119,0,0
2120,4,4
2121,0,0
2122,5,5
2123,4,4
2124,2,2
2125,5,0
2126,1,1
2127,0,0
2128,1,1
2129,4,6
2130,2,2
2131,0,0
2132,5,5
2133,6,6
2134,4,3
2135,5,5
2136,0,0
2137,0,0
2138,2,2
2139,0,0
2140,1,1
2141,0,0
2142,4,5
2143,1,5
2144,0,0
2145,1,6
2146,6,6
2147,2,2
2148,5,1
2149,0,0
2150,6,6
2151,4,4
2152,0,5
2153,6,6
2154,5,5
2155,5,6
2156,6,5
2157,6,6
2158,6,6
2159,4,4
2160,4,4
2161,0,5
2162,5,5
2163,6,5
2164,4,4
2165,5,5
2166,6,6
2167,4,4
2168,6,6
2169,2,2
2170,4,2
2171,2,4
2172,0,0
2173,0,0
2174,5,5
2175,0,0
2176,2,2
2177,6,6
2178,5,0
2179,1,1
2180,5,6
2181,4,4
2182,4,5
2183,4,5
2184,1,1
2185,6,6
2186,1,5
2187,6,6
2188,5,5
2189,4,4
2190,3,3
2191,1,1
2192,0,0
2193,1,1
2194,5,5
2195,1,5
2196,6,6
2197,0,0
2198,4,0
2199,5,5
2200,6,2
2201,5,5
2202,6,6
2203,4,5
2204,5,4
2205,4,4
2206,5,5
2207,0,3
2208,6,6
2209,5,4
2210,5,5
2211,5,1
2212,5,5
2213,1,1
2214,4,5
2215,0,0
2216,5,5
2217,4,4
2218,4,4
2219,2,2
2220,4,4
2221,6,6
2222,4,5
2223,5,5
2224,5,3
2225,0,0
2226,0,0
2227,5,5
2228,1,1
2229,2,5
2230,4,2
2231,6,6
2232,6,6
2233,0,0
2234,2,2
2235,0,0
2236,5,6
2237,5,1
2238,0,0
2239,5,5
2240,5,5
2241,4,4
2242,2,4
2243,4,4
2244,5,5
2245,5,5
2246,6,6
2247,1,5
2248,0,0
2249,6,6
2250,5,1
2251,5,5
2252,0,0
2253,4,4
2254,4,4
2255,1,1
2256,6,6
2257,5,2
2258,0,0
2259,4,4
2260,5,5
2261,0,0
2262,5,5
2263,6,6
2264,4,5
2265,0,2
2266,0,0
2267,5,5
2268,6,6
2269,1,1
2270,2,2
2271,3,5
2272,5,5
2273,4,6
2274,4,0
2275,5,5
2276,0,5
2277,6,6
2278,1,1
2279,4,4
2280,0,0
2281,5,5
2282,5,1
2283,6,5
2284,0,0
2285,5,5
2286,0,5
2287,5,5
2288,6,6
2289,5,5
2290,0,0
2291,2,2
2292,5,6
2293,3,2
2294,6,6
2295,0,0
2296,4,4
2297,5,3
2298,5,5
2299,4,4
2300,0,0
2301,0,0
2302,6,5
2303,0,0
2304,4,5
2305,5,5
2306,1,5
2307,3,3
2308,4,5
2309,5,3
2310,5,6
2311,0,0
2312,0,0
2313,1,1
2314,5,5
2315,6,6
2316,2,2
2317,2,2
2318,6,6
2319,1,1
2320,1,1
2321,4,4
2322,0,5
2323,6,5
2324,6,6
2325,6,6
2326,5,6
2327,0,0
2328,6,6
2329,3,3
2330,5,1
2331,1,1
2332,6,6
2333,3,4
2334,4,4
2335,1,1
2336,5,3
2337,1,2
2338,4,5
2339,4,4
2340,5,5
2341,0,0
2342,5,5
2343,4,4
2344,0,0
2345,5,5
2346,6,6
2347,4,6
2348,6,6
2349,3,5
2350,5,5
2351,5,5
2352,5,3
2353,5,5
2354,6,6
2355,5,5
2356,6,1
2357,4,5
2358,1,1
2359,4,4
2360,4,4
2361,0,0
2362,0,0
2363,6,6
2364,6,6
2365,5,1
2366,5,4
2367,1,2
2368,5,5
2369,0,0
2370,5,5
2371,1,1
2372,0,0
2373,5,5
2374,6,6
2375,0,5
2376,0,0
2377,6,6
2378,0,0
2379,0,0
2380,5,5
2381,6,6
2382,5,4
2383,5,5
2384,5,0
2385,6,3
2386,5,0
2387,0,0
2388,1,1
2389,5,5
2390,3,3
2391,6,6
2392,5,5
2393,5,5
2394,5,3
2395,4,5
2396,1,1
2397,0,0
2398,0,0
2399,0,0
2400,6,5
2401,6,6
2402,5,5
2403,6,6
2404,5,5
2405,5,5
2406,0,0
2407,2,2
2408,4,4
2409,5,5
2410,1,5
2411,5,5
2412,5,3
2413,4,4
2414,5,6
2415,0,0
2416,4,4
2417,1,1
2418,5,4
2419,5,5
2420,5,1
2421,4,5
2422,6,6
2423,6,6
2424,5,5
2425,2,6
2426,4,4
2427,4,4
2428,6,6
2429,5,6
2430,6,6
2431,5,5
2432,6,1
2433,5,5
2434,1,5
2435,2,4
2436,5,5
2437,3,3
2438,2,2
2439,5,6
2440,0,0
2441,4,0
2442,2,2
2443,6,6
2444,3,5
2445,0,0
2446,5,5
2447,0,0
2448,6,6
2449,5,5
2450,0,0
2451,4,5
2452,5,5
2453,6,5
2454,4,4
2455,5,6
2456,0,0
2457,5,5
2458,5,3
2459,5,5
2460,6,6
2461,2,2
2462,1,1
2463,1,4
2464,6,6
2465,5,5
2466,1,1
2467,3,3
2468,5,5
2469,6,6
2470,2,2
2471,6,6
2472,6,5
2473,6,6
2474,4,6
2475,4,4
2476,4,4
2477,5,5
2478,0,0
2479,5,6
2480,2,2
2481,4,6
2482,4,5
2483,4,5
2484,1,1
2485,5,5
2486,6,6
2487,1,1
2488,5,5
2489,0,0
2490,6,6
2491,0,2
2492,2,1
2493,1,1
2494,6,6
2495,5,5
2496,5,4
2497,6,6
2498,4,5
2499,0,0
2500,6,6
2501,5,5
2502,2,2
2503,6,1
2504,5,0
2505,0,0
2506,4,4
2507,5,4
2508,6,2
2509,5,5
2510,4,1
2511,0,0
2512,4,4
2513,6,6
2514,4,4
2515,5,5
2516,4,4
2517,0,0
2518,0,0
2519,6,5
2520,5,3
2521,2,2
2522,6,6
2523,6,6
2524,1,1
2525,5,5
2526,4,4
2527,4,4
2528,3,3
2529,6,6
2530,3,5
2531,5,5
2532,5,5
2533,5,5
2534,4,4
2535,5,5
2536,5,5
2537,4,5
2538,5,1
2539,5,5
2540,1,1
2541,5,5
2542,4,4
2543,4,4
2544,1,1
2545,4,5
2546,5,5
2547,5,5
2548,0,0
2549,6,6
2550,2,2
2551,5,5
2552,2,2
2553,4,0
2554,2,2
2555,5,5
2556,6,6
2557,6,4
2558,1,5
2559,0,0
2560,0,0
2561,4,6
2562,5,5
2563,4,4
2564,5,1
2565,5,4
2566,1,1
2567,0,0
2568,5,1
2569,4,4
2570,1,1
2571,6,6
2572,5,5
2573,6,6
2574,0,0
2575,0,0
2576,6,6
2577,5,0
2578,5,5
2579,4,4
2580,4,4
2581,4,4
2582,4,0
2583,4,4
2584,5,5
2585,5,5
2586,0,0
2587,0,0
2588,2,1
2589,6,4
2590,5,5
2591,0,0
2592,2,2
2593,0,0
2594,5,6
2595,4,4
2596,2,2
2597,5,3
2598,3,3
2599,6,6
2600,0,0
2601,5,4
2602,0,0
2603,0,3
2604,5,5
2605,0,5
2606,4,4
2607,4,4
2608,5,3
2609,4,4
2610,4,3
2611,0,0
2612,5,1
2613,0,4
2614,4,5
2615,5,5
2616,2,2
2617,0,0
2618,0,0
2619,0,0
2620,2,2
2621,5,5
2622,4,5
2623,2,2
2624,0,0
2625,1,4
2626,0,0
2627,0,0
2628,0,6
2629,0,0
2630,0,0
2631,5,4
2632,5,5
2633,5,5
2634,2,2
2635,6,6
2636,6,3
2637,2,2
2638,3,3
2639,5,5
2640,5,3
2641,5,3
2642,5,5
2643,5,3
2644,4,4
2645,4,5
2646,5,4
2647,1,3
2648,5,4
2649,1,1
2650,0,0
2651,4,0
2652,4,4
2653,6,6
2654,6,6
2655,2,2
2656,0,0
2657,5,2
2658,5,5
2659,4,5
2660,0,0
2661,0,0
2662,4,4
2663,6,6
2664,4,4
2665,0,0
2666,0,0
2667,2,2
2668,4,6
2669,4,5
2670,3,1
2671,6,6
2672,5,4
2673,0,0
2674,0,0
2675,0,0
2676,0,0
2677,4,5
2678,5,5
2679,5,5
2680,5,5
2681,6,6
2682,4,6
2683,4,3
2684,5,3
2685,2,6
2686,5,0
2687,6,6
2688,5,5
2689,0,0
2690,5,5
2691,5,3
2692,6,6
2693,5,6
2694,4,4
2695,5,5
2696,5,5
2697,4,2
2698,4,4
2699,1,1
2700,5,5
2701,4,5
2702,6,6
2703,1,5
2704,0,0
2705,0,0
2706,6,6
2707,4,5
2708,5,5
2709,4,5
2710,2,5
2711,0,0
2712,1,1
2713,1,5
2714,6,6
2715,0,0
2716,3,3
2717,1,1
2718,5,4
2719,1,1
2720,6,4
2721,6,1
2722,3,1
2723,5,3
2724,5,5
2725,6,6
2726,3,3
2727,0,5
2728,2,2
2729,5,4
2730,5,5
2731,0,4
2732,4,0
2733,5,5
2734,4,5
2735,5,1
2736,4,1
2737,0,0
2738,0,0
2739,5,5
2740,0,0
2741,2,2
2742,4,5
2743,5,1
2744,0,1
2745,0,5
2746,4,4
2747,2,2
2748,6,6
2749,2,4
2750,4,4
2751,0,0
2752,4,5
2753,4,5
2754,6,6
2755,4,5
2756,5,5
2757,5,5
2758,5,5
2759,3,5
2760,6,6
2761,4,5
2762,5,0
2763,6,6
2764,0,5
2765,5,0
2766,1,5
2767,0,4
2768,6,6
2769,0,0
2770,2,1
2771,4,3
2772,4,4
2773,4,5
2774,4,0
2775,5,5
2776,3,3
2777,5,5
2778,1,1
2779,5,5
2780,5,5
2781,0,0
2782,5,3
2783,6,6
2784,0,5
2785,5,5
2786,1,5
2787,0,0
2788,5,5
2789,0,5
2790,1,1
2791,5,0
2792,5,5
2793,5,5
2794,4,4
2795,0,0
2796,2,2
2797,0,1
2798,4,4
2799,2,2
2800,6,6
2801,5,5
2802,5,5
2803,3,2
2804,5,5
2805,6,6
2806,4,4
2807,2,2
2808,5,6
2809,5,5
2810,0,0
2811,0,0
2812,4,2
2813,6,5
2814,6,6
2815,4,0
2816,0,0
2817,4,4
2818,0,0
2819,0,0
2820,3,5
2821,5,6
2822,5,5
2823,5,1
2824,1,1
2825,5,4
2826,6,6
2827,4,4
2828,4,4
2829,6,6
2830,4,4
2831,1,1
2832,0,0
2833,0,5
2834,5,5
2835,0,0
2836,6,4
2837,4,2
2838,4,3
2839,5,5
2840,5,5
2841,6,6
2842,1,1
2843,5,5
2844,5,3
2845,6,6
2846,2,2
2847,5,4
2848,5,5
2849,4,4
2850,4,4
2851,1,1
2852,5,5
2853,5,0
2854,4,4
2855,2,2
2856,4,2
2857,0,0
2858,2,2
2859,2,5
2860,6,6
2861,0,0
2862,5,5
2863,2,2
2864,0,0
2865,2,1
2866,4,4
2867,6,6
2868,0,0
2869,2,2
2870,5,5
2871,0,0
2872,5,2
2873,5,5
2874,6,6
2875,4,4
2876,1,3
2877,2,0
2878,4,4
2879,4,4
2880,1,1
2881,0,6
2882,1,5
2883,4,2
2884,5,5
2885,5,3
2886,6,6
2887,0,0
2888,4,4
2889,2,2
2890,3,3
2891,5,5
2892,5,4
2893,6,0
2894,5,5
2895,5,5
2896,5,5
2897,2,5
2898,0,0
2899,6,6
2900,5,5
2901,1,1
2902,5,6
2903,4,4
2904,4,4
2905,0,0
2906,3,3
2907,4,5
2908,0,0
2909,1,1
2910,2,2
2911,4,6
2912,0,0
2913,5,4
2914,5,0
2915,5,3
2916,6,6
2917,5,5
2918,0,0
2919,4,6
2920,0,0
2921,0,0
2922,5,5
2923,2,2
2924,1,2
2925,5,4
2926,4,4
2927,0,0
2928,2,5
2929,1,4
2930,5,5
2931,5,5
2932,6,6
2933,0,0
2934,5,5
2935,4,4
2936,1,1
2937,5,1
2938,5,0
2939,2,1
2940,0,0
2941,5,6
2942,6,6
2943,6,4
2944,4,4
2945,2,2
2946,5,5
2947,2,2
2948,5,4
2949,6,5
2950,6,6
2951,6,6
2952,5,6
2953,5,3
2954,6,6
2955,4,4
2956,5,5
2957,5,4
2958,4,6
2959,2,2
2960,0,0
2961,5,5
2962,6,3
2963,2,2
2964,5,5
2965,4,5
2966,1,1
2967,2,2
2968,5,5
2969,4,4
2970,1,1
2971,6,6
2972,5,5
2973,2,2
2974,5,5
2975,6,6
2976,3,3
2977,5,0
2978,6,5
2979,6,6
2980,6,6
2981,6,6
2982,6,5
2983,4,5
2984,6,6
2985,4,5
2986,1,3
2987,4,4
2988,6,0
2989,6,6
2990,4,4
2991,5,5
2992,5,0
2993,0,0
2994,5,1
2995,5,5
2996,1,1
2997,4,4
2998,4,4
2999,5,5
3000,5,3
3001,2,2
3002,0,0
3003,4,3
3004,5,5
3005,5,3
3006,0,0
3007,4,1
3008,1,1
3009,5,5
3010,6,6
3011,6,6
3012,5,6
3013,0,0
3014,5,6
3015,5,5
3016,4,4
3017,4,4
3018,3,3
3019,4,4
3020,6,6
3021,5,4
3022,5,5
3023,6,6
3024,5,5
3025,4,5
3026,0,0
3027,6,6
3028,0,2
3029,4,3
3030,5,3
3031,4,4
3032,5,5
3033,6,6
3034,5,5
3035,4,4
3036,4,5
3037,6,6
3038,1,1
3039,6,5
3040,4,4
3041,4,5
3042,0,0
3043,0,0
3044,4,4
3045,1,3
3046,6,6
3047,5,4
3048,5,5
3049,0,0
3050,4,5
3051,5,2
3052,6,0
3053,4,4
3054,2,2
3055,0,0
3056,5,5
3057,1,4
3058,5,3
3059,4,5
3060,4,4
3061,2,2
3062,0,0
3063,2,2
3064,1,1
3065,5,6
3066,2,2
3067,2,2
3068,3,3
3069,6,6
3070,5,5
3071,0,0
3072,2,2
3073,4,4
3074,0,0
3075,0,0
3076,4,0
3077,5,5
3078,5,5
3079,2,2
3080,4,4
3081,0,0
3082,1,1
3083,0,0
3084,1,4
3085,6,5
3086,4,3
3087,0,0
3088,1,5
3089,5,6
3090,6,6
3091,5,4
3092,4,6
3093,0,0
3094,0,5
3095,4,2
3096,0,0
3097,0,0
3098,0,0
3099,1,3
3100,5,5
3101,5,5
3102,4,4
3103,1,5
3104,5,5
3105,5,5
3106,4,4
3107,1,5
3108,5,4
3109,6,6
3110,5,5
3111,1,0
3112,6,4
3113,5,0
3114,5,5
3115,2,2
3116,2,2
3117,5,5
3118,2,2
3119,5,5
3120,2,2
3121,6,5
3122,4,3
3123,2,2
3124,5,5
3125,5,5
3126,4,6
3127,4,5
3128,2,2
3129,5,3
3130,0,1
3131,5,5
3132,4,4
3133,5,5
3134,4,5
3135,4,4
3136,5,5
3137,5,5
3138,6,0
3139,1,2
3140,4,0
3141,4,5
3142,3,4
3143,1,4
3144,1,1
3145,4,6
3146,0,0
3147,5,5
3148,6,6
3149,0,0
3150,5,4
3151,0,0
3152,4,4
3153,4,4
3154,1,1
3155,6,4
3156,6,6
3157,6,5
3158,4,0
3159,0,0
3160,4,6
3161,0,5
3162,5,5
3163,6,6
3164,5,5
3165,1,1
3166,4,4
3167,4,6
3168,0,0
3169,5,5
3170,5,5
3171,2,2
3172,5,5
3173,0,0
3174,5,5
3175,5,5
3176,5,0
3177,4,5
3178,1,1
3179,4,4
3180,5,5
3181,5,5
3182,5,3
3183,5,5
3184,0,0
3185,5,5
3186,5,5
3187,1,1
3188,4,5
3189,5,5
3190,5,5
3191,1,3
3192,6,4
3193,6,6
3194,4,5
3195,3,3
3196,4,4
3197,2,5
3198,5,5
3199,6,2
3200,6,5
3201,0,0
3202,5,1
3203,6,6
3204,0,6
3205,6,0
3206,4,6
3207,0,0
3208,1,1
3209,2,5
3210,5,5
3211,4,4
3212,4,6
3213,2,2
3214,0,0
3215,6,5
3216,0,0
3217,5,5
3218,5,3
3219,1,1
3220,6,2
3221,1,1
3222,6,6
3223,5,5
3224,5,4
3225,6,6
3226,5,3
3227,0,0
3228,5,6
3229,4,4
3230,1,5
3231,4,4
3232,0,0
3233,6,6
3234,4,5
3235,0,0
3236,4,0
3237,0,0
3238,4,1
3239,0,0
3240,2,2
3241,0,0
3242,6,6
3243,3,4
3244,4,5
3245,5,5
3246,6,6
3247,6,2
3248,0,0
3249,5,4
3250,5,5
3251,6,6
3252,6,6
3253,6,5
3254,5,1
3255,2,0
3256,0,5
3257,0,0
3258,0,0
3259,6,6
3260,5,5
3261,5,1
3262,0,0
3263,5,1
3264,3,3
3265,2,2
3266,4,6
3267,5,5
3268,0,0
3269,5,5
3270,6,6
3271,5,3
3272,6,5
3273,1,1
3274,0,0
3275,2,2
3276,0,4
3277,4,4
3278,1,3
3279,0,5
3280,1,1
3281,5,5
3282,3,1
3283,4,5
3284,1,6
3285,5,5
3286,5,3
3287,0,0
3288,6,6
3289,2,2
3290,2,2
3291,6,0
3292,0,0
3293,1,1
3294,4,5
3295,6,6
3296,0,4
3297,6,6
3298,1,1
3299,4,4
3300,1,1
3301,5,5
3302,6,6
3303,6,6
3304,5,5
3305,5,6
3306,2,2
3307,5,5
3308,6,6
3309,5,5
3310,5,5
3311,2,2
3312,0,0
3313,6,6
3314,5,5
3315,2,2
3316,4,4
3317,6,6
3318,4,3
3319,2,2
3320,1,1
3321,5,6
3322,6,6
3323,2,2
3324,4,4
3325,2,1
3326,4,6
3327,4,4
3328,0,0
3329,1,4
3330,4,4
3331,6,6
3332,4,4
3333,4,4
3334,4,4
3335,4,4
3336,1,1
3337,0,0
3338,0,0
3339,3,3
3340,1,1
3341,0,0
3342,2,2
3343,6,6
3344,2,4
3345,6,6
3346,2,2
3347,0,0
3348,0,0
3349,5,6
3350,0,6
3351,2,2
3352,0,0
3353,4,4
3354,6,6
3355,0,0
3356,0,0
3357,4,5
3358,5,4
3359,4,4
3360,4,1
3361,5,5
3362,5,4
3363,5,0
3364,0,0
3365,3,3
3366,0,0
3367,5,4
3368,5,1
3369,5,4
3370,0,6
3371,5,1
3372,1,4
3373,0,0
3374,4,5
3375,1,1
3376,6,5
3377,4,4
3378,5,3
3379,4,0
3380,3,3
3381,2,2
3382,0,0
3383,5,5
3384,6,0
3385,0,0
3386,4,5
3387,4,4
3388,4,4
3389,0,0
3390,3,0
3391,0,0
3392,6,4
3393,4,5
3394,4,4
3395,4,6
3396,5,5
3397,5,5
3398,5,4
3399,5,1
3400,2,6
3401,4,4
3402,5,5
3403,5,0
3404,0,0
3405,2,2
3406,0,2
3407,4,4
3408,0,2
3409,5,5
3410,0,0
3411,4,4
3412,4,6
3413,6,0
3414,5,4
3415,1,1
3416,6,6
3417,4,5
3418,4,1
3419,1,4
3420,5,4
3421,6,6
3422,5,1
3423,0,0
3424,5,6
3425,5,6
3426,6,4
3427,4,5
3428,0,0
3429,4,4
3430,5,5
3431,5,5
3432,4,6
3433,4,4
3434,5,1
3435,5,3
3436,4,4
3437,0,0
3438,6,6
3439,6,6
3440,5,5
3441,4,2
3442,2,2
3443,4,0
3444,1,1
3445,0,0
3446,5,5
3447,2,2
3448,6,5
3449,3,3
3450,0,0
3451,5,4
3452,4,4
3453,6,1
3454,4,4
3455,5,5
3456,0,0
3457,5,5
3458,5,5
3459,4,4
3460,2,2
3461,5,4
3462,0,5
3463,0,0
3464,0,6
3465,5,5
3466,0,0
3467,4,4
3468,6,6
3469,6,6
3470,5,0
3471,0,0
3472,5,5
3473,2,2
3474,5,5
3475,1,5
3476,5,6
3477,5,5
3478,4,4
3479,4,4
3480,6,2
3481,0,0
3482,5,5
3483,6,6
3484,4,4
3485,5,5
3486,0,0
3487,2,2
3488,6,6
3489,6,6
3490,5,5
3491,1,5
3492,1,1
3493,0,0
3494,5,4
3495,3,3
3496,5,5
3497,4,4
3498,6,6
3499,5,6
3500,6,6
3501,4,1
3502,3,6
3503,0,5
3504,6,4
3505,2,2
3506,4,6
3507,4,4
3508,0,0
3509,5,5
3510,4,4
3511,3,5
3512,0,0
3513,4,5
3514,0,0
3515,5,5
3516,5,5
3517,5,3
3518,0,0
3519,5,5
3520,5,5
3521,6,5
3522,1,1
3523,6,1
3524,5,1
3525,6,6
3526,6,1
3527,4,4
3528,0,0
3529,3,5
3530,6,6
3531,4,4
3532,5,3
3533,1,1
3534,4,4
3535,6,6
3536,0,0
3537,6,5
3538,4,4
3539,0,0
3540,5,5
3541,5,5
3542,2,2
3543,5,5
3544,4,4
3545,5,5
3546,5,0
3547,4,5
3548,4,4
3549,5,5
3550,5,0
3551,6,6
3552,5,5
3553,5,5
3554,4,4
3555,3,3
3556,6,6
3557,5,6
3558,6,6
3559,0,0
3560,6,6
3561,5,4
3562,2,2
3563,2,2
3564,0,0
3565,5,6
3566,4,4
3567,5,2
3568,4,4
3569,2,2
3570,5,5
3571,5,5
3572,4,4
3573,5,5
3574,0,0
3575,5,5
3576,5,4
3577,1,5
3578,1,1
3579,0,0
3580,0,0
3581,4,4
3582,1,3
3583,0,0
3584,4,5
3585,6,6
3586,5,5
3587,5,5
3588,0,0
3589,4,4
3590,2,2
3591,0,6
3592,2,2
3593,5,2
3594,6,5
3595,6,5
3596,5,5
3597,2,4
3598,4,5
3599,5,3
3600,4,4
3601,5,4
3602,0,0
3603,0,0
3604,4,4
3605,6,6
3606,4,5
3607,4,4
3608,4,5
3609,5,5
3610,5,5
3611,5,5
3612,6,6
3613,4,3
3614,2,2
3615,1,1
3616,6,5
3617,0,0
3618,4,4
3619,0,0
3620,5,5
3621,6,6
3622,5,5
3623,6,5
3624,0,4
3625,5,0
3626,6,6
3627,5,5
3628,5,0
3629,4,4
3630,4,4
3631,5,0
3632,6,5
3633,4,4
3634,0,0
3635,5,4
3636,3,5
3637,6,6
3638,6,6
3639,5,5
3640,0,0
3641,4,5
3642,6,6
3643,0,0
3644,4,5
3645,6,6
3646,1,5
3647,6,6
3648,6,6
3649,4,4
3650,0,3
3651,0,5
3652,0,0
3653,2,2
3654,5,5
3655,6,6
3656,5,5
3657,5,5
3658,6,6
3659,4,4
3660,4,5
3661,4,4
3662,1,2
3663,0,0
3664,1,1
3665,4,5
3666,4,5
3667,2,2
3668,5,5
3669,6,6
3670,2,2
3671,5,5
3672,1,2
3673,5,5
3674,4,4
3675,0,0
3676,6,6
3677,1,2
3678,1,1
3679,2,2
3680,5,5
3681,2,2
3682,0,0
3683,5,0
3684,2,2
3685,5,4
3686,0,0
3687,4,4
3688,4,0
3689,6,6
3690,4,4
3691,6,4
3692,0,0
3693,5,5
3694,0,0
3695,2,4
3696,4,6
3697,6,2
3698,4,1
3699,0,0
3700,5,5
3701,5,5
3702,0,0
3703,5,2
3704,0,0
3705,0,0
3706,5,5
3707,4,5
3708,6,6
3709,4,4
3710,6,6
3711,5,0
3712,4,5
3713,0,0
3714,4,4
3715,2,2
3716,6,5
3717,2,2
3718,0,0
3719,5,5
3720,4,4
3721,6,5
3722,1,1
3723,3,3
3724,6,6
3725,4,2
3726,4,4
3727,4,4
3728,6,6
3729,2,2
3730,4,4
3731,4,4
3732,0,0
3733,6,6
3734,4,4
3735,6,2
3736,5,0
3737,1,0
3738,6,6
3739,0,0
3740,1,1
3741,6,6
3742,1,5
3743,6,5
3744,6,6
3745,1,1
3746,4,0
3747,4,4
3748,1,1
3749,0,0
3750,2,2
3751,4,4
3752,4,6
3753,4,4
3754,6,6
3755,0,0
3756,2,2
3757,0,0
3758,4,4
3759,6,6
3760,0,5
3761,2,2
3762,4,4
3763,5,5
3764,6,6
3765,1,4
3766,1,1
3767,0,5
3768,5,5
3769,5,5
3770,5,5
3771,5,4
3772,0,5
3773,5,5
3774,6,5
3775,1,1
3776,6,6
3777,0,5
3778,5,5
3779,4,5
3780,5,5
3781,6,4
3782,2,2
3783,4,5
3784,5,5
3785,3,3
3786,1,1
3787,3,6
3788,5,4
3789,4,4
3790,1,4
3791,0,2
3792,1,1
3793,4,4
3794,5,5
3795,0,0
3796,0,0
3797,6,0
3798,4,4
3799,1,3
3800,6,6
3801,0,0
3802,0,6
3803,0,0
3804,0,0
3805,4,0
3806,5,5
3807,5,5
3808,1,3
3809,0,0
3810,5,0
3811,5,5
3812,0,0
3813,2,2
3814,3,3
3815,0,0
3816,6,6
3817,6,6
3818,5,5
3819,1,1
3820,2,2
3821,0,5
3822,6,6
3823,0,0
3824,1,4
3825,5,5
3826,6,5
3827,5,2
3828,5,5
3829,2,5
3830,6,6
3831,3,3
3832,6,6
3833,1,5
3834,5,5
3835,4,6
3836,1,5
3837,0,0
3838,4,4
3839,5,5
3840,0,0
3841,0,0
3842,2,1
3843,5,5
3844,1,5
3845,5,5
3846,4,2
3847,4,4
3848,1,1
3849,3,1
3850,0,0
3851,0,5
3852,5,5
3853,6,6
3854,0,0
3855,6,3
3856,5,1
3857,0,0
3858,5,5
3859,4,4
3860,5,0
3861,6,6
3862,5,5
3863,5,5
3864,0,0
3865,5,5
3866,2,2
3867,5,4
3868,1,4
3869,6,6
3870,4,4
3871,6,6
3872,6,2
3873,1,1
3874,0,0
3875,6,4
3876,4,4
3877,4,3
3878,4,4
3879,4,6
3880,0,0
3881,0,0
3882,2,2
3883,5,3
3884,5,6
3885,2,2
3886,6,6
3887,5,5
3888,6,6
3889,2,2
3890,6,6
3891,5,3
3892,6,6
3893,2,2
3894,5,5
3895,0,6
3896,5,4
3897,3,3
3898,6,6
3899,5,1
3900,5,4
3901,4,6
3902,5,3
3903,5,5
3904,4,4
3905,0,0
3906,5,5
3907,4,4
3908,0,5
3909,6,6
3910,6,5
3911,6,6
3912,5,0
3913,5,5
3914,6,6
3915,5,6
3916,4,4
3917,4,6
3918,2,2
3919,1,5
3920,1,5
3921,4,6
3922,0,0
3923,5,0
3924,5,5
3925,5,5
3926,4,4
3927,6,6
3928,0,0
3929,5,5
3930,0,0
3931,0,0
3932,0,0
3933,5,2
3934,6,6
3935,5,5
3936,4,4
3937,5,5
3938,6,6
3939,5,5
3940,0,0
3941,0,0
3942,5,1
3943,6,6
3944,5,5
3945,5,5
3946,4,4
3947,5,5
3948,5,5
3949,6,6
3950,6,5
3951,1,5
3952,6,4
3953,0,0
3954,4,4
3955,0,0
3956,2,0
3957,5,5
3958,6,5
3959,0,5
3960,4,4
3961,6,6
3962,1,4
3963,5,5
3964,4,4
3965,4,4
3966,0,0
3967,0,0
3968,5,5
3969,5,6
3970,5,6
3971,4,4
3972,2,2
3973,6,6
3974,5,4
3975,6,5
3976,5,5
3977,2,5
3978,6,6
3979,0,0
3980,6,6
3981,0,0
3982,5,5
3983,6,6
3984,5,5
3985,5,0
3986,2,4
3987,0,1
3988,0,0
3989,5,4
3990,2,6
3991,5,0
3992,0,0
3993,4,1
3994,0,0
3995,6,6
3996,0,0
3997,6,6
3998,4,5
3999,4,1
4000,3,3
4001,6,4
4002,0,5
4003,1,5
4004,5,2
4005,4,4
4006,5,0
4007,5,5
4008,5,1
4009,6,6
4010,6,3
4011,0,0
4012,6,0
4013,6,6
4014,4,4
4015,0,0
4016,6,6
4017,1,1
4018,5,5
4019,4,0
4020,6,6
4021,1,5
4022,0,0
4023,3,2
4024,1,1
4025,1,1
4026,1,1
4027,1,1
4028,5,5
4029,6,6
4030,0,0
4031,5,5
4032,5,3
4033,1,5
4034,5,5
4035,4,6
4036,0,0
4037,1,2
4038,5,5
4039,5,2
4040,6,5
4041,0,0
4042,0,0
4043,0,0
4044,5,5
4045,5,6
4046,6,3
4047,4,4
4048,4,6
4049,6,6
4050,6,0
4051,5,5
4052,4,0
4053,0,0
4054,5,3
4055,6,6
4056,4,4
4057,4,4
4058,4,4
4059,4,0
4060,3,3
4061,5,5
4062,4,4
4063,0,0
4064,1,1
4065,6,6
4066,5,5
4067,3,5
4068,2,2
4069,1,1
4070,6,6
4071,5,5
4072,0,0
4073,4,4
4074,5,0
4075,4,4
4076,4,4
4077,6,6
4078,4,4
4079,4,4
4080,2,2
4081,5,3
4082,6,6
4083,4,4
4084,0,0
4085,0,0
4086,4,4
4087,5,5
4088,4,6
4089,6,6
4090,4,5
4091,5,5
4092,6,6
4093,1,1
4094,4,0
4095,4,5
4096,3,3
4097,5,5
4098,0,0
4099,0,0
4100,2,1
4101,6,6
4102,4,5
4103,6,6
4104,4,5
4105,0,0
4106,0,0
4107,4,5
4108,2,2
4109,6,0
4110,5,2
4111,0,0
4112,6,6
4113,0,0
4114,6,3
4115,5,5
4116,4,5
4117,1,1
4118,4,4
4119,1,0
4120,5,5
4121,4,5
4122,1,1
4123,1,5
4124,2,5
4125,5,6
4126,2,2
4127,4,4
4128,0,0
4129,2,2
4130,0,0
4131,0,0
4132,6,0
4133,1,6
4134,5,6
4135,5,3
4136,6,5
4137,6,6
4138,5,5
4139,6,5
4140,5,5
4141,4,5
4142,0,0
4143,5,4
4144,6,5
4145,5,6
4146,5,5
4147,0,0
4148,5,0
4149,5,5
4150,2,2
4151,6,6
4152,4,4
4153,0,0
4154,2,2
4155,4,5
4156,4,0
4157,6,6
4158,2,2
4159,0,0
4160,0,0
4161,5,2
4162,5,5
4163,2,2
4164,5,5
4165,4,5
4166,4,4
4167,2,2
4168,5,0
4169,6,6
4170,5,1
4171,0,0
4172,4,4
4173,6,6
4174,1,1
4175,0,0
4176,5,0
4177,2,2
4178,5,5
4179,1,6
4180,1,1
4181,6,6
4182,5,6
4183,6,6
4184,6,6
4185,6,6
4186,4,4
4187,6,6
4188,0,0
4189,4,0
4190,6,6
4191,4,4
4192,3,1
4193,1,5
4194,0,0
4195,0,0
4196,1,1
4197,6,6
4198,0,0
4199,0,0
4200,0,0
4201,6,5
4202,1,5
4203,0,0
4204,5,5
4205,6,6
4206,1,2
4207,4,5
4208,3,2
4209,6,5
4210,2,2
4211,6,6
4212,5,1
4213,6,6
4214,5,1
4215,4,4
4216,5,0
4217,4,5
4218,0,0
4219,5,0
4220,4,4
4221,3,2
4222,5,5
4223,0,0
4224,4,6
4225,6,6
4226,4,5
4227,0,5
4228,0,5
4229,0,0
4230,6,6
4231,6,6
4232,6,5
4233,6,6
4234,5,1
4235,5,5
4236,4,4
4237,4,4
4238,1,1
4239,5,5
4240,0,0
4241,1,1
4242,5,5
4243,5,5
4244,6,6
4245,2,2
4246,4,4
4247,6,5
4248,0,0
4249,1,1
4250,1,1
4251,5,1
4252,4,5
4253,4,4
4254,0,0
4255,4,4
4256,0,0
4257,4,4
4258,0,0
4259,6,6
4260,0,0
4261,0,0
4262,5,5
4263,5,5
4264,5,4
4265,5,5
4266,6,6
4267,5,5
4268,5,5
4269,5,5
4270,4,5
4271,2,2
4272,2,2
4273,5,5
4274,6,1
4275,0,5
4276,5,5
4277,2,2
4278,0,0
4279,5,5
4280,5,3
4281,6,6
4282,5,5
4283,5,3
4284,6,5
4285,2,3
4286,5,5
4287,0,0
4288,5,5
4289,4,0
4290,5,5
4291,2,0
4292,1,5
4293,6,6
4294,4,0
4295,1,5
4296,5,3
4297,1,4
4298,0,0
4299,5,0
4300,0,0
4301,1,1
4302,5,3
4303,5,5
4304,5,5
4305,1,6
4306,5,3
4307,1,2
4308,5,5
4309,3,3
4310,4,5
4311,2,2
4312,5,4
4313,1,1
4314,4,5
4315,1,1
4316,3,3
4317,5,5
4318,6,6
4319,0,0
4320,4,4
4321,4,4
4322,5,4
4323,5,5
4324,6,6
4325,5,5
4326,0,0
4327,2,2
4328,5,1
4329,0,0
4330,0,0
4331,5,0
4332,0,0
4333,5,5
4334,5,5
4335,1,1
4336,5,5
4337,5,5
4338,4,3
4339,6,5
4340,3,3
4341,3,5
4342,5,5
4343,1,1
4344,2,2
4345,1,1
4346,3,3
4347,3,2
4348,2,2
4349,5,5
4350,6,6
4351,5,5
4352,5,3
4353,1,4
4354,1,3
4355,6,2
4356,2,2
4357,5,5
4358,1,1
4359,1,5
4360,5,1
4361,6,4
4362,1,1
4363,5,5
4364,0,0
4365,6,2
4366,0,2
4367,4,4
4368,4,5
4369,4,4
4370,5,2
4371,4,5
4372,5,1
4373,5,5
4374,6,6
4375,5,5
4376,4,4
4377,2,2
4378,0,4
4379,4,5
4380,6,6
4381,0,0
4382,5,5
4383,6,6
4384,6,6
4385,5,5
4386,4,4
4387,5,5
4388,4,5
4389,5,5
4390,5,3
4391,5,0
4392,5,5
4393,6,0
4394,6,5
4395,5,5
4396,0,0
4397,4,4
4398,3,3
4399,5,4
4400,5,1
4401,5,5
4402,0,0
4403,4,3
4404,6,6
4405,4,6
4406,4,5
4407,4,4
4408,3,3
4409,0,0
4410,6,5
4411,1,1
4412,6,6
4413,5,5
4414,5,1
4415,0,6
4416,0,0
4417,4,4
4418,5,5
4419,6,6
4420,1,1
4421,2,2
4422,6,6
4423,3,1
4424,5,5
4425,0,2
4426,6,6
4427,4,4
4428,5,4
4429,6,5
4430,4,4
4431,4,4
4432,0,0
4433,5,5
4434,4,6
4435,2,2
4436,0,0
4437,1,3
4438,5,5
4439,5,5
4440,6,6
4441,2,2
4442,5,4
4443,6,4
4444,5,5
4445,1,5
4446,6,6
4447,5,5
4448,2,5
4449,5,0
4450,6,6
4451,6,6
4452,0,0
4453,5,5
4454,4,4
4455,6,6
4456,4,4
4457,4,5
4458,1,1
4459,6,6
4460,5,4
4461,1,1
4462,1,1
4463,5,5
4464,5,0
4465,0,0
4466,5,4
4467,4,0
4468,5,6
4469,0,0
4470,1,1
4471,0,0
4472,5,5
4473,1,1
4474,4,4
4475,2,2
4476,4,6
4477,6,5
4478,5,4
4479,0,0
4480,5,4
4481,2,3
4482,5,4
4483,4,4
4484,0,0
4485,6,6
4486,0,0
4487,4,5
4488,2,5
4489,4,4
4490,0,0
4491,0,0
4492,5,5
4493,6,6
4494,3,3
4495,6,6
4496,5,3
4497,3,4
4498,6,6
4499,6,6
4500,4,4
4501,5,5
4502,6,5
4503,1,5
4504,5,4
4505,6,6
4506,4,4
4507,5,5
4508,0,0
4509,0,0
4510,6,6
4511,0,0
4512,4,4
4513,5,6
4514,4,5
4515,5,5
4516,5,5
4517,6,6
4518,2,2
4519,5,3
4520,2,2
4521,4,4
4522,6,6
4523,4,5
4524,6,4
4525,4,4
4526,4,5
4527,6,0
4528,5,5
4529,0,0
4530,0,0
4531,0,0
4532,4,4
4533,4,5
4534,2,1
4535,6,6
4536,0,0
4537,1,1
4538,1,5
4539,5,4
4540,5,5
4541,5,2
4542,6,5
4543,6,5
4544,5,4
4545,0,0
4546,0,3
4547,5,5
4548,6,6
4549,4,4
4550,6,6
4551,4,4
4552,4,4
4553,5,3
4554,1,5
4555,6,6
4556,4,4
4557,5,1
4558,5,5
4559,2,2
4560,6,5
4561,4,6
4562,5,5
4563,5,0
4564,2,5
4565,1,1
4566,5,0
4567,5,5
4568,5,5
4569,3,3
4570,2,2
4571,5,5
4572,0,4
4573,6,6
4574,0,3
4575,6,6
4576,5,1
4577,1,1
4578,2,2
4579,6,6
4580,2,5
4581,0,0
4582,4,4
4583,4,0
4584,6,6
4585,1,1
4586,5,5
4587,5,5
4588,6,5
4589,6,6
4590,0,0
4591,6,4
4592,2,2
4593,4,5
4594,3,3
4595,5,5
4596,5,6
4597,5,5
4598,0,0
4599,4,4
4600,5,5
4601,0,0
4602,5,5
4603,0,5
4604,5,5
4605,6,5
4606,5,4
4607,4,5
4608,5,5
4609,4,5
4610,4,5
4611,5,1
4612,5,5
4613,4,0
4614,5,3
4615,4,4
4616,5,4
4617,5,5
4618,6,5
4619,4,4
4620,6,6
4621,5,3
4622,5,5
4623,4,4
4624,2,2
4625,6,6
4626,5,5
4627,5,5
4628,5,2
4629,1,1
4630,0,6
4631,5,5
4632,4,4
4633,5,5
4634,6,6
4635,5,4
4636,0,0
4637,4,4
4638,5,5
4639,4,4
4640,6,6
4641,2,2
4642,0,6
4643,5,5
4644,2,2
4645,6,6
4646,0,0
4647,5,4
4648,0,0
4649,0,0
4650,6,6
4651,5,3
4652,6,5
4653,1,1
4654,5,2
4655,5,3
4656,0,0
4657,5,4
4658,5,5
4659,0,2
4660,5,5
4661,2,2
4662,4,6
4663,6,6
4664,2,2
4665,4,6
4666,2,2
4667,6,0
4668,6,6
4669,6,6
4670,6,6
4671,6,6
4672,5,5
4673,4,4
4674,6,6
4675,5,4
4676,5,5
4677,0,0
4678,4,4
4679,5,1
4680,1,2
4681,0,0
4682,3,3
4683,1,5
4684,5,4
4685,6,6
4686,3,3
4687,5,5
4688,4,4
4689,5,5
4690,5,3
4691,2,2
4692,4,4
4693,0,0
4694,6,5
4695,5,4
4696,6,6
4697,4,6
4698,1,1
4699,6,6
4700,0,0
4701,5,0
4702,0,0
4703,6,6
4704,6,6
4705,0,0
4706,5,4
4707,6,6
4708,4,4
4709,6,6
4710,5,5
4711,4,4
4712,2,1
4713,6,6
4714,5,6
4715,6,5
4716,6,6
4717,4,2
4718,4,5
4719,1,1
4720,0,0
4721,0,5
4722,0,0
4723,1,5
4724,0,5
4725,4,5
4726,0,0
4727,4,4
4728,5,5
4729,6,6
4730,0,0
4731,3,5
4732,0,0
4733,6,3
4734,5,1
4735,2,2
4736,2,6
4737,5,5
4738,4,5
4739,4,5
4740,4,4
4741,5,6
4742,3,3
4743,4,4
4744,6,6
4745,5,5
4746,6,6
4747,5,5
4748,0,5
4749,4,4
4750,5,6
4751,5,5
4752,5,4
4753,0,0
4754,1,1
4755,4,6
4756,4,5
4757,5,4
4758,5,1
4759,6,6
4760,1,5
4761,0,0
4762,0,0
4763,2,2
4764,5,3
4765,0,0
4766,5,5
4767,4,5
4768,5,6
4769,1,2
4770,6,6
4771,4,1
4772,5,5
4773,4,4
4774,4,5
4775,5,3
4776,2,2
4777,5,0
4778,4,4
4779,0,0
4780,5,5
4781,5,5
4782,2,2
4783,1,1
4784,0,0
4785,6,6
4786,3,3
4787,5,5
4788,5,6
4789,0,0
4790,3,1
4791,6,6
4792,5,5
4793,0,0
4794,5,5
4795,5,4
4796,6,6
4797,0,0
4798,5,1
4799,1,1
4800,4,5
4801,2,2
4802,0,0
4803,2,2
4804,4,4
4805,5,0
4806,5,5
4807,2,2
4808,4,5
4809,6,1
4810,5,4
4811,4,4
4812,6,5
4813,4,4
4814,1,5
4815,2,2
4816,4,4
4817,6,6
4818,0,0
4819,6,6
4820,5,6
4821,2,2
4822,0,3
4823,3,3
4824,0,5
4825,5,0
4826,5,5
4827,6,6
4828,6,4
4829,5,5
4830,2,5
4831,0,0
4832,6,6
4833,4,1
4834,4,1
4835,4,4
4836,5,5
4837,1,3
4838,2,0
4839,4,6
4840,2,2
4841,5,5
4842,5,5
4843,4,4
4844,4,4
4845,1,1
4846,6,6
4847,4,4
4848,6,6
4849,4,5
4850,5,5
4851,4,4
4852,4,6
4853,1,1
4854,2,2
4855,5,5
4856,2,3
4857,6,1
4858,4,4
4859,4,4
4860,6,5
4861,4,4
4862,6,6
4863,6,6
4864,6,0
4865,6,6
4866,6,6
4867,4,6
4868,3,3
4869,0,0
4870,1,1
4871,4,0
4872,0,0
4873,5,5
4874,5,6
4875,0,0
4876,5,5
4877,0,5
4878,4,4
4879,4,2
4880,5,5
4881,4,4
4882,5,0
4883,2,2
4884,5,5
4885,4,5
4886,0,0
4887,2,2
4888,5,5
4889,6,6
4890,1,4
4891,5,5
4892,0,0
4893,3,5
4894,5,5
4895,4,4
4896,5,1
4897,5,3
4898,5,5
4899,6,5
4900,6,6
4901,0,0
4902,4,4
4903,0,0
4904,0,0
4905,1,2
4906,2,2
4907,5,3
4908,0,4
4909,5,5
4910,6,4
4911,5,5
4912,3,2
4913,5,5
4914,6,6
4915,2,1
4916,5,5
4917,4,5
4918,4,5
4919,0,0
4920,4,5
4921,4,4
4922,4,4
4923,4,4
4924,1,1
4925,4,2
4926,2,5
4927,0,0
4928,0,0
4929,4,5
4930,3,3
4931,5,5
4932,6,6
4933,6,4
4934,6,6
4935,4,6
4936,1,1
4937,6,6
4938,5,5
4939,4,4
4940,5,1
4941,4,5
4942,1,1
4943,5,5
4944,4,4
4945,0,0
4946,0,0
4947,5,5
4948,6,6
4949,4,4
4950,4,4
4951,0,5
4952,6,5
4953,6,6
4954,5,6
4955,6,5
4956,0,0
4957,0,0
4958,2,2
4959,4,4
4960,4,4
4961,5,5
4962,5,0
4963,1,1
4964,5,5
4965,5,5
4966,4,4
4967,4,4
4968,0,4
4969,2,2
4970,4,4
4971,6,6
4972,1,1
4973,5,6
4974,6,6
4975,0,0
4976,1,4
4977,0,4
4978,5,5
4979,0,0
4980,6,6
4981,2,3
4982,5,3
4983,5,5
4984,5,2
4985,0,0
4986,5,5
4987,6,6
4988,4,4
4989,5,5
4990,5,5
4991,0,0
4992,6,6
4993,6,6
4994,6,0
4995,6,6
4996,3,1
4997,2,2
4998,4,4
4999,5,5
5000,1,1
5001,1,6
5002,5,5
5003,6,6
5004,4,4
5005,5,1
5006,4,4
5007,5,4
5008,2,2
5009,4,4
5010,0,0
5011,5,4
5012,0,3
5013,6,6
5014,4,4
5015,5,5
5016,1,0
5017,4,5
5018,4,4
5019,4,4
5020,5,5
5021,4,4
5022,3,3
5023,5,5
5024,4,2
5025,0,0
5026,5,3
5027,0,0
5028,5,4
5029,5,2
5030,4,4
5031,6,5
5032,6,6
5033,4,4
5034,1,5
5035,4,3
5036,3,2
5037,5,5
5038,6,5
5039,5,5
5040,3,3
5041,5,1
5042,4,5
5043,2,2
5044,6,6
5045,0,0
5046,0,0
5047,6,6
5048,5,5
5049,4,4
5050,4,4
5051,2,1
5052,2,2
5053,2,0
5054,0,0
5055,5,6
5056,4,4
5057,5,5
5058,4,0
5059,1,1
5060,0,0
5061,5,4
5062,4,4
5063,4,4
5064,2,2
5065,1,1
5066,6,6
5067,6,6
5068,6,6
5069,0,0
5070,6,6
5071,4,5
5072,4,4
5073,0,0
5074,6,6
5075,5,5
5076,5,5
5077,2,2
5078,0,0
5079,4,4
5080,6,6
5081,1,1
5082,0,5
5083,0,0
5084,5,0
5085,1,5
5086,5,5
5087,5,4
5088,4,4
5089,0,0
5090,0,6
5091,0,6
5092,5,0
5093,0,0
5094,4,4
5095,6,6
5096,4,6
5097,4,5
5098,4,5
5099,4,4
5100,5,6
5101,2,2
5102,1,1
5103,4,4
5104,5,5
5105,5,4
5106,6,2
5107,0,0
5108,4,6
5109,4,4
5110,6,6
5111,1,1
5112,5,5
5113,5,5
5114,4,4
5115,1,1
5116,2,2
5117,0,0
5118,4,4
5119,5,5
5120,6,6
5121,4,4
5122,6,6
5123,6,6
5124,0,0
5125,2,2
5126,1,0
5127,5,5
5128,5,5
5129,5,3
5130,4,5
5131,5,5
5132,4,4
5133,5,2
5134,2,2
5135,6,6
5136,4,1
5137,5,5
5138,6,6
5139,6,6
5140,4,4
5141,4,4
5142,0,0
5143,5,5
5144,6,6
5145,3,3
5146,0,0
5147,5,4
5148,0,0
5149,0,0
5150,0,0
5151,1,1
5152,5,5
5153,6,6
5154,5,5
5155,2,2
5156,3,5
5157,1,5
5158,3,3
5159,6,6
5160,1,1
5161,6,6
5162,1,1
5163,5,5
5164,5,4
5165,5,5
5166,5,1
5167,0,0
5168,5,5
5169,6,6
5170,1,0
5171,4,6
5172,4,4
5173,0,0
5174,5,1
5175,2,3
5176,1,3
5177,1,1
5178,5,3
5179,2,2
5180,0,0
5181,0,0
5182,5,1
5183,5,6
5184,5,0
5185,5,5
5186,1,1
5187,4,4
5188,6,6
5189,4,5
5190,5,5
5191,5,4
5192,6,6
5193,5,5
5194,2,2
5195,6,0
5196,6,6
5197,6,6
5198,4,4
5199,6,6
5200,5,5
5201,2,5
5202,4,4
5203,3,3
5204,5,4
5205,5,5
5206,4,4
5207,4,5
5208,6,5
5209,5,3
5210,6,4
5211,0,0
5212,2,2
5213,4,4
5214,0,5
5215,1,5
5216,5,5
5217,0,0
5218,6,6
5219,1,5
5220,5,5
5221,5,5
5222,4,5
5223,2,2
5224,6,6
5225,2,2
5226,1,2
5227,5,5
5228,6,6
5229,5,5
5230,2,2
5231,5,5
5232,4,4
5233,6,4
5234,5,5
5235,6,6
5236,0,0
5237,6,6
5238,5,5
5239,6,6
5240,6,4
5241,0,0
5242,6,6
5243,4,4
5244,1,3
5245,5,0
5246,3,5
5247,4,4
5248,0,0
5249,5,5
5250,5,5
5251,6,6
5252,0,3
5253,5,5
5254,1,1
5255,5,5
5256,0,0
5257,5,5
5258,4,4
5259,0,1
5260,4,4
5261,5,5
5262,4,4
5263,2,0
5264,0,0
5265,0,0
5266,2,5
5267,2,2
5268,5,1
5269,4,5
5270,4,4
5271,4,4
5272,1,1
5273,6,6
5274,4,4
5275,2,2
5276,1,1
5277,6,4
5278,5,5
5279,0,0
5280,6,5
5281,5,5
5282,5,5
5283,5,0
5284,6,6
5285,1,1
5286,6,5
5287,1,1
5288,5,5
5289,1,5
5290,1,1
5291,5,5
5292,5,5
5293,0,0
5294,4,4
5295,5,5
5296,4,5
5297,5,5
5298,5,5
5299,0,4
5300,4,4
5301,6,6
5302,2,2
5303,4,4
5304,5,0
5305,5,5
5306,1,5
5307,5,5
5308,4,4
5309,4,0
5310,5,5
5311,5,6
5312,0,0
5313,6,6
5314,5,5
5315,1,1
5316,6,5
5317,5,5
5318,2,0
5319,3,1
5320,5,5
5321,1,5
5322,6,4
5323,6,5
5324,5,5
5325,6,6
5326,6,5
5327,2,2
5328,0,5
5329,5,4
5330,6,4
5331,5,5
5332,4,4
5333,0,0
5334,6,6
5335,5,5
5336,5,5
5337,6,6
5338,4,4
5339,4,4
5340,6,6
5341,6,6
5342,2,2
5343,4,4
5344,4,5
5345,6,6
5346,0,0
5347,0,0
5348,0,0
5349,5,5
5350,2,2
5351,5,5
5352,5,5
5353,0,0
5354,6,6
5355,5,5
5356,3,6
5357,1,3
5358,1,5
5359,5,1
5360,4,5
5361,5,5
5362,0,0
5363,5,5
5364,3,4
5365,4,4
5366,0,0
5367,0,5
5368,0,0
5369,5,0
5370,5,5
5371,4,4
5372,5,3
5373,6,6
5374,0,5
5375,5,5
5376,5,6
5377,4,5
5378,3,3
5379,4,5
5380,4,5
5381,4,4
5382,6,6
5383,5,5
5384,5,6
5385,5,4
5386,6,6
5387,2,2
5388,2,2
5389,5,5
5390,3,5
5391,6,6
5392,0,0
5393,0,0
5394,4,4
5395,0,0
5396,5,5
5397,4,4
5398,1,1
5399,5,4
5400,0,0
5401,0,0
5402,3,3
5403,5,6
5404,5,5
5405,5,3
5406,4,4
5407,2,2
5408,5,5
5409,0,0
5410,6,4
5411,1,1
5412,5,1
5413,6,6
5414,0,1
5415,6,6
5416,4,4
5417,5,2
5418,2,2
5419,5,5
5420,4,4
5421,2,2
5422,5,5
5423,6,6
5424,5,5
5425,4,6
5426,5,5
5427,3,3
5428,1,5
5429,5,5
5430,6,6
5431,4,5
5432,2,1
5433,2,5
5434,4,5
5435,5,0
5436,2,2
5437,6,6
5438,1,1
5439,1,5
5440,5,2
5441,1,5
5442,5,5
5443,5,5
5444,5,0
5445,4,4
5446,4,4
5447,5,4
5448,5,5
5449,5,5
5450,5,5
5451,5,4
5452,6,6
5453,6,6
5454,5,5
5455,2,3
5456,6,6
5457,2,2
5458,2,2
5459,5,5
5460,0,5
5461,5,5
5462,5,4
5463,4,4
5464,5,5
5465,4,0
5466,1,1
5467,5,0
5468,6,6
5469,4,4
5470,2,2
5471,4,6
5472,2,2
5473,1,1
5474,5,3
5475,4,4
5476,5,5
5477,6,6
5478,4,4
5479,1,1
5480,4,5
5481,0,0
5482,0,0
5483,5,4
5484,0,0
5485,2,2
5486,6,6
5487,2,0
5488,2,2
5489,4,4
5490,0,2
5491,1,1
5492,6,5
5493,1,3
5494,5,1
5495,5,5
5496,1,5
5497,3,3
5498,5,3
5499,5,5
5500,5,5
5501,3,6
5502,0,0
5503,0,0
5504,4,4
5505,6,6
5506,4,6
5507,5,1
5508,0,0
5509,6,6
5510,5,5
5511,4,5
5512,4,4
5513,4,4
5514,5,5
5515,4,4
5516,4,3
5517,0,0
5518,3,3
5519,5,0
5520,5,5
5521,4,0
5522,6,6
5523,3,3
5524,2,2
5525,6,4
5526,1,5
5527,0,3
5528,5,0
5529,0,0
5530,3,3
5531,4,4
5532,5,3
5533,6,5
5534,6,6
5535,4,4
5536,2,2
5537,1,1
5538,2,5
5539,5,4
5540,0,0
5541,5,5
5542,5,5
5543,4,6
5544,2,2
5545,5,5
5546,5,5
5547,5,4
5548,2,2
5549,4,0
5550,2,4
5551,3,3
5552,5,5
5553,5,5
5554,1,1
5555,0,0
5556,1,3
5557,5,4
5558,5,5
5559,0,5
5560,5,5
5561,5,4
5562,5,5
5563,5,5
5564,2,1
5565,5,3
5566,4,4
5567,5,5
5568,6,6
5569,6,6
5570,2,2
5571,3,4
5572,1,1
5573,1,1
5574,5,0
5575,6,6
5576,6,6
5577,0,0
5578,3,3
5579,5,4
5580,5,5
5581,5,5
5582,3,1
5583,1,1
5584,1,1
5585,3,5
5586,3,3
